[HTML][HTML] Artificial intelligence in information systems research: A systematic literature review and research agenda,2021,C Collins,Elsevier,https://www.sciencedirect.com/science/article/pii/S0268401221000761
Open information systems semantics for distributed artificial intelligence,1991,C Hewitt,Elsevier,https://www.sciencedirect.com/science/article/pii/000437029190051K
Artificial intelligence in information retrieval systems,1976,LC Smith,Elsevier,https://www.sciencedirect.com/science/article/pii/0306457376900054
The role of artificial intelligence in the integration of remotely sensed data with geographic information systems,1987,DM McKeown,ieeexplore.ieee.org,https://ieeexplore.ieee.org/abstract/document/4072645/
[HTML][HTML] Artificial intelligence as digital agency,2020,PJ Ågerfalk,Francis,https://www.tandfonline.com/doi/full/10.1080/0960085X.2020.1721947
[HTML][HTML] Global research on artificial intelligence from 1990–2014: Spatially-explicit bibliometric analysis,2016,J Niu,mdpi.com,https://www.mdpi.com/2220-9964/5/5/66
Special issue editorial: Artificial intelligence in organizations: Implications for information systems research,2021,H Benbya,aisel.aisnet.org,https://aisel.aisnet.org/jais/vol22/iss2/10/?fbclid=IwAR0pG_g6UzwQGHLYlksOZe4oMTW6mIDxtoQzQqIWTp1LwrMYPIzbX7nb33Q
[HTML][HTML] Artificial intelligence: A powerful paradigm for scientific research,2021,Y Xu,cell.com,https://www.cell.com/article/S2666-6758(21)00104-1/fulltext
Ambient intelligence—the next step for artificial intelligence,2008,C Ramos,ieeexplore.ieee.org,https://ieeexplore.ieee.org/abstract/document/4475854/
The evolution of citation graphs in artificial intelligence research,2019,MR Frank,nature.com,https://www.nature.com/articles/s42256-019-0024-5
